<?xml version="1.0" encoding="UTF-8"?>
<beans xmlns="http://www.springframework.org/schema/beans"
	xmlns:xsi="http://www.w3.org/2001/XMLSchema-instance"
	xmlns:mvc="http://www.springframework.org/schema/mvc"
	xmlns:context="http://www.springframework.org/schema/context"
		xmlns:p="http://www.springframework.org/schema/p"
			xmlns:tx="http://www.springframework.org/schema/tx"
xsi:schemaLocation=
"http://www.springframework.org/schema/mvc 
http://www.springframework.org/schema/mvc/spring-mvc-4.0.xsd
http://www.springframework.org/schema/beans 
http://www.springframework.org/schema/beans/spring-beans.xsd
http://www.springframework.org/schema/context 
http://www.springframework.org/schema/context/spring-context-4.1.xsd
http://www.springframework.org/schema/tx 
http://www.springframework.org/schema/tx/spring-tx-4.1.xsd">


<mvc:annotation-driven></mvc:annotation-driven>
<!-- Transaction Management -->
<tx:annotation-driven transaction-manager="transactionManager" />
<bean class=" org.springframework.beans.factory.annotation.AutowiredAnnotationBeanPostProcessor" ></bean>
	<!-- Component Scan -->
	<context:component-scan base-package="com"></context:component-scan>




	<!-- ViewResolver bean -->
	<bean id="viewResolver"
		class="org.springframework.web.servlet.view.InternalResourceViewResolver">
		<property name="prefix" value="/WEB-INF/"></property>
		<property name="suffix" value=".jsp"></property>
	</bean>



</beans>